-4.966732946245229763e-01,-1.033569350530673531e-01
-3.378936069748770255e-01,-2.167133416810254620e-01
-1.852794301624784146e-01,-8.544178736682521424e-02
1.088755388720909906e-03,-3.365219889153095445e-02
2.308276526266410944e-01,-5.173417251996631494e-02
4.175390820132658387e-01,-7.936840515652605899e-02
6.971384493054175735e-01,-1.132569977980766168e-01
8.888908263253817443e-01,-9.738395347881778630e-02
1.278244068322671012e+00,-5.061894199306372910e-02
1.431705783412007271e+00,-1.269510818329138147e-01
1.618065183979290778e+00,-6.183866551623451446e-02
1.915930752725822916e+00,-1.747607351009236032e-01
2.180800173878046699e+00,-1.672059203979215369e-01
2.254637839467596105e+00,-2.221365469050528840e-01
2.390032905493062021e+00,-2.264593950175451953e-01
2.351789828404671656e+00,-2.082121877265737109e-01
2.668062551246214387e+00,-2.263763426214015495e-01
2.530557349041103965e+00,-1.965481800988743144e-01
2.623413279026764577e+00,-1.280896102849675700e-01
2.580420151140314200e+00,-1.645173972909782789e-01
2.453604484912880412e+00,-2.147473629852725829e-01
2.609963994575478008e+00,-1.915998245927940102e-01
2.266346198564130887e+00,-2.361077143781705467e-01
1.384886035473221755e+00,-3.703787647825527718e-01
1.260386899022007512e+00,-8.608099122526624569e-01
7.962176520501889065e-01,-9.045939303204372228e-01
1.289925289662626984e+00,-1.758091863696022994e+00
1.944509322112888627e+00,-2.658138401021052921e+00
1.730509842040456325e+00,-1.982827941988098530e+00
1.722299260171933799e+00,-1.773571905566906359e+00
2.017052361671507033e+00,-1.128142725283793890e+00
2.245499995105076696e+00,-1.172647082753730530e+00
2.631836156869023391e+00,-1.504375825536701017e+00
3.114793094387690253e+00,-1.157327489235283391e+00
3.853881811681605374e+00,-1.021299536756039572e+00
7.178347802812890421e+00,-3.113456091996836261e-01
5.362401938130021861e+00,1.499125113746316629e+00
4.156920495867542087e+00,2.071431383532772230e+00
3.643029984454192682e+00,2.666578497961732186e+00
3.151360884808563689e+00,2.915723917531285014e+00
2.723522868690506638e+00,3.186260641730707555e+00
2.096527848113530546e+00,3.333157652090085854e+00
1.668885623749045699e+00,3.521030595913905881e+00
1.213905346439374089e+00,3.858033606346718880e+00
7.722527150952287478e-01,4.837164754697347746e+00
-3.780079728967053465e-01,2.521281942095359163e+00
-9.966951008752608088e-01,1.844564784907802846e+00
-1.306673593598870697e+00,1.103331156855476891e+00
-1.308329729177344358e+00,5.507670308980011642e-01
-1.248838287320800378e+00,3.117640084581749793e-01
-1.276292640987007010e+00,4.719787536040773168e-02
-1.249281363961407765e+00,1.593592034272318936e-03
-1.219087878153391813e+00,2.136471074688993388e-02
-1.240458089512906925e+00,9.561476705616744898e-03
-1.240505205366694508e+00,4.494110488962264893e-02
-1.234603421423132286e+00,-2.463741926491224907e-02
-1.175607658305083847e+00,-2.849552150568432016e-02
-1.200419665997988883e+00,-4.903380144773267918e-02
-1.153874259571573191e+00,-4.925727088282434718e-03
-1.169748912251484363e+00,-2.425360618448765132e-02
-1.104367894041965004e+00,-6.248889033095239576e-02
-1.118954147724303017e+00,-1.045652975722895228e-01
-1.082917310423632040e+00,-9.710171480278986800e-03
-1.061511897172015217e+00,-7.474589230443301480e-02
-9.557583393735842314e-01,1.056298059584810656e-02
-9.881087107395305491e-01,7.804318126792925137e-02
-8.854500651636874053e-01,-6.682780220790088266e-02
-9.028953725228030525e-01,-1.563160332634210836e-01
-8.280580953712136649e-01,-1.106026759399419829e-01
-7.682809707379448794e-01,-5.797683887185343943e-02
-9.052492918056956883e-01,2.960340803149226208e-01
-9.223919536414690867e-01,2.507501465348799252e-01
-1.086619048693056699e+00,1.583355896939018792e-01
-1.187089999114976813e+00,4.261926312276925755e-02
-1.124118050107443700e+00,-1.336074807788628638e-02
-1.055126728287335780e+00,-8.974656779999684586e-02
-1.031344960632991414e+00,-1.309023091896046043e-01
-8.844983140139814903e-01,-1.116369213081859213e-01
-7.094632632800078609e-01,3.326908569157588369e-02
-5.993557801229809634e-01,3.681231696139208864e-02
-3.781265999904800390e-01,1.555774522538617699e-01
-9.635511361651956375e-02,2.726465692219127712e-01
1.269465060878254559e-01,5.198825221458346357e-01
1.945948170709058400e-01,7.471345434461086343e-01
1.878973658602248187e-01,1.011858833786147382e+00
1.885820556982920615e-01,1.295611249986477809e+00
-3.291454374648741799e-02,1.525606388559566540e+00
-2.270294134657911134e-01,1.753391886429016999e+00
-4.253653524563361099e-01,2.328046372008096832e+00
-9.634978513367784547e-01,1.854920102420331673e+00
-1.426256632744193897e+00,8.361531817264756805e-01
-1.430940030790209150e+00,4.615923781644389878e-01
-1.405899491485540942e+00,3.886068801831193409e-01
-1.340185374406428487e+00,2.995019422300739809e-01
-1.321199508103667819e+00,1.966308863181297495e-01
-1.293285676346714874e+00,6.047051590935579451e-02
-1.242920272960645001e+00,1.372248892351294325e-01
-1.263977603777586722e+00,7.943886042731398978e-02
-1.247005175676428879e+00,1.604733383570082217e-01
-1.241267893271863043e+00,3.324596179588644451e-02
-1.202386264767906221e+00,1.149280268249555648e-02
-1.230127083429448653e+00,8.724887755860451233e-03
-1.136203576662748294e+00,-3.677832593189347965e-02
-1.169699130559005429e+00,2.572876410157360488e-02
-1.081584672217621890e+00,-1.029110866309828204e-01
-1.107176868160806960e+00,-7.658549987111518131e-02
-1.046795918013746052e+00,-6.424835562162480029e-03
-1.051760099369041246e+00,3.179572260572915976e-03
-1.009213226020303944e+00,1.260324784142104540e-02
-1.001811384160624652e+00,1.254405511407679155e-02
-9.121024564370241450e-01,2.760980170602170269e-02
-8.399363303623949006e-01,-1.696093414571035740e-02
-9.577226959000552098e-01,3.411648921765365050e-01
-9.534105411058073631e-01,2.685593842328100056e-01
-1.066800286653571073e+00,1.572209568464222051e-01
-1.098992587584406433e+00,3.252688261298308792e-02
-1.074011755287417769e+00,-3.101920278948555598e-02
-1.080329611203616036e+00,-9.381668767717360469e-02
-9.556437518878725390e-01,-1.212141999054575647e-01
-7.985769151856916270e-01,-1.392552390755156244e-01
-6.985809498058973555e-01,-4.427574789275290357e-02
-4.344242501313125282e-01,-3.287802178870047332e-02
-2.284577049173271424e-01,8.850537457918361550e-03
-1.032186241636927487e-01,1.531023740851101267e-01
2.103153699090476447e-01,3.872767120336128022e-01
4.186772630656007688e-01,5.715371541236579089e-01
5.096764679057569358e-01,7.580202133994221603e-01
5.223558488955877266e-01,1.036969083771139832e+00
5.311122453004826216e-01,1.256253807155498059e+00
4.091203080970040595e-01,1.436633392209788695e+00
2.692444638750846053e-01,1.637925178336401721e+00
8.612670753332823947e-02,2.031084603814738543e+00
-8.815673213872088354e-02,2.515492463298816261e+00
-4.754274078846682516e-01,1.970225031690120865e+00
-7.573467152998935026e-01,1.042762695686697327e+00
-5.512116931168744571e-01,7.583121641968448845e-01
-2.869292779411162786e-01,6.053505405675619899e-01
1.700240537342229824e-02,4.167101321777424983e-01
4.248649074730380115e-01,2.542323409176902027e-01
3.903486872110946138e-01,5.990408842565786429e-02
2.751167916899486254e-01,1.045899419703978928e-01
5.131430393290657976e-01,3.096368794999916352e-01
4.309914391311601700e-01,2.411077671879888196e-01
5.359669549765633256e-01,4.666824030922880895e-01
7.317862088365585382e-01,7.164159226637688560e-01
7.472679527345499340e-01,8.829041247370353895e-01
7.745295539632555126e-01,1.140232218034899825e+00
7.698886434469078832e-01,1.296639254923290130e+00
7.955122884973898634e-01,1.512915263627485185e+00
8.600670264174222757e-01,1.794619267372446814e+00
6.980010742544159319e-01,2.004656624138876353e+00
5.308358505093144775e-01,2.244804861580429911e+00
2.586688031337527893e-01,2.447046936983983567e+00
4.987244691610226432e-02,3.054349586516996951e+00
-6.288155999792301998e-01,2.646060240311659761e+00
-1.244703474446973379e+00,1.111843640527675037e+00
-1.203640076444742357e+00,2.064650365875788651e-01
-1.130247593279967599e+00,-1.709190886059990255e-01
-1.085147909123037824e+00,-1.637053398980963803e-01
-1.053151988674809303e+00,-1.246433687012029057e-01
-1.046848802612386553e+00,-1.270342842282567719e-01
-9.418220275632075422e-01,-1.616235442206322981e-01
-9.412874408125113668e-01,-7.582624729239043071e-02
-8.836742562563946191e-01,-1.786641273447192244e-02
-8.852200505829540544e-01,-8.776908329759974814e-02
-7.751201952200321710e-01,-2.485954981278319376e-01
-8.021185732506416199e-01,-7.934064706093745256e-01
-8.141406154634713843e-01,-8.180986160639123206e-01
-9.426667801192877283e-01,-7.568276190251663760e-01
-9.972533131636486248e-01,-6.437864029811098954e-01
-9.874582317484718041e-01,-6.246586861894234399e-01
-9.719698122663106288e-01,-5.837181065921206446e-01
-6.951903272971616810e-01,-6.323722927185709830e-01
-7.549796601419943576e-01,-6.098485880840049944e-01
-5.288209980926658060e-01,-7.018089048432720745e-01
-3.342835767692030058e-01,-6.790268264448797719e-01
-1.265915188618904896e-01,-7.477747159316979753e-01
2.237380449587715869e-01,-9.197956848646193784e-01
3.306736490342656043e-01,-1.044626338730104020e+00
8.104415827688492557e-01,-1.331818934121300924e+00
9.206264910872050677e-01,-1.648193560310719175e+00
9.706719724025609786e-01,-1.999513926295915844e+00
9.053181866660284793e-01,-2.332288873661939377e+00
4.735845124532746531e-01,-2.722329112065892787e+00
-1.763703767294904079e-01,-2.552177038300118994e+00
-1.055971598945138812e+00,-1.176878066587793148e+00
-1.107300204331318483e+00,-3.864137498937404436e-01
-9.920340659006041673e-01,-1.947120112633901889e-01
-9.651462465387479206e-01,-8.695995852652226021e-02
-9.465130591632510138e-01,-1.085303569560039233e-01
-9.743355163965506938e-01,-9.873362959286262341e-02
-7.924276656959285958e-01,-2.097010840755024752e-01
-7.146612698535974584e-01,-1.283885712611538277e-01
-7.350494197657769790e-01,-2.397506930801595049e-01
-7.348896828685992366e-01,-7.841802284337688889e-01
-7.818662230475583730e-01,-8.411774444383732785e-01
-8.160117897994449976e-01,-7.455150901469739244e-01
-9.283041257804861557e-01,-6.263165747452882348e-01
-1.004366208303375085e+00,-5.905223934183143619e-01
-8.561894095585219633e-01,-6.048743968923441239e-01
-8.556680185366033475e-01,-5.928398587533153519e-01
-7.487303377431516749e-01,-5.942874981258224887e-01
-5.244300972178608244e-01,-7.015784736702510571e-01
-3.661529647010605681e-01,-7.008383017841265383e-01
-6.133266293696482130e-02,-7.972937233447696670e-01
1.382365497237254826e-01,-9.315799592109950122e-01
3.921704235553333806e-01,-1.090457915445782966e+00
7.174969470928272974e-01,-1.283806870792714383e+00
8.723360569042574175e-01,-1.608302361830187044e+00
7.318726853223394002e-01,-1.842274166848194561e+00
5.523255821630193019e-01,-2.137293823607496535e+00
2.768373729766255842e-01,-2.443237287132372870e+00
5.956214916891910960e-03,-2.907583373971435847e+00
-1.166599826010763286e+00,-1.085754836152654779e+00
-1.102230346435043362e+00,-2.042282267093920300e-01
-1.095057734822687756e+00,9.421927102343345684e-03
-1.123225651811384562e+00,-2.667277483764565749e-02
-1.031399436725340735e+00,-1.214124149878549608e-02
-9.955846991925774159e-01,-4.846748134517363943e-02
-8.819316766698478416e-01,-7.222523880149217534e-02
-8.001905660684289767e-01,-1.297152849457627599e-01
-8.428991170750061990e-01,-3.252219271424202640e-01
-8.854007916326330774e-01,-8.259309276154712665e-01
-8.570390861615831968e-01,-7.653174454701998641e-01
-8.717342638613019279e-01,-6.860363605290056288e-01
-8.561647959407923114e-01,-6.085192285087528408e-01
-8.401778270639876922e-01,-5.771407935425250102e-01
-9.158541078590928253e-01,-5.324175099379696574e-01
-7.560708243525591232e-01,-5.449979090788799052e-01
-6.116650051258851750e-01,-5.601168137933656421e-01
-5.040247903590632239e-01,-5.957316539215751217e-01
-3.467865271958977536e-01,-5.667070590865630475e-01
-6.543874144918471192e-03,-6.556233037217745752e-01
2.102479800632536810e-01,-7.141715739319880463e-01
6.210768762172026447e-01,-8.598561225931165009e-01
8.664479026225107017e-01,-1.017519110275505900e+00
1.084209131221356870e+00,-1.316345422713207203e+00
1.218537183654740730e+00,-1.595804459817482979e+00
1.170267761876834678e+00,-1.825522239629747911e+00
8.272679372466192893e-01,-2.173115945633704804e+00
8.140441657049612978e-01,-2.638821804563025619e+00
7.274133497433112883e-01,-3.292192665248014016e+00
-5.435889503081852148e-01,-1.271362289239402976e+00
7.442297550175148990e-03,-5.844535905362761019e-01
4.329930652152770842e-01,-2.228174485622345380e-01
7.103377690272213441e-01,-1.246825878873622506e-01
9.748211126505363922e-01,-1.885945624410401145e-02
1.207727075821370732e+00,-7.621126081959136989e-02
1.328138533930578458e+00,-2.913720258892630102e-02
1.819955973308654551e+00,-7.263964188068275374e-02
1.922485887535959614e+00,-9.015627036675034900e-02
2.134177284297714472e+00,-3.611815316503086404e-02
2.222598440054657232e+00,-6.626797147315741099e-02
2.261625386802767146e+00,2.915499955272959909e-03
2.464312282100372453e+00,-3.368962062928763934e-02
2.529193802941869684e+00,-5.714159560341354471e-02
2.365592691849940810e+00,9.560448538925581108e-02
2.570497805891417631e+00,-6.955182146620182693e-02
2.556165410167336560e+00,3.619270277257322088e-02
2.450040379078328723e+00,-2.394799394861514552e-02
1.808671070978516981e+00,-3.356086118249704819e-01
1.337587482893533020e+00,-7.818902431537031461e-01
7.167439702004642088e-01,-8.859429546145143330e-01
1.528358117942601346e+00,-2.049162546484182279e+00
2.127685354244873928e+00,-2.958692684191305045e+00
1.685071912071602673e+00,-2.144340349620829311e+00
1.827069782826314936e+00,-1.835849428229217262e+00
1.930497089477938966e+00,-1.466498515228240596e+00
2.216020701632392065e+00,-1.572988555352720308e+00
2.564320400448837134e+00,-1.611693529421561299e+00
3.156349252655055615e+00,-1.428170007602622693e+00
5.358505796951072320e+00,-3.171055340272911360e-01
5.760193346252597379e+00,7.988816402734717492e-01
3.609381573514378161e+00,1.716725537102096855e+00
3.081228084277590984e+00,2.299103507602534791e+00
2.690230206510631383e+00,2.443209221062098813e+00
2.230743041545720562e+00,2.630658724555299699e+00
1.706669351012519931e+00,2.837181490427317598e+00
1.211682926286066220e+00,3.057302904667732690e+00
8.613086555313098636e-01,3.847140794053978574e+00
5.215854558212890124e-01,3.789824761972060863e+00
-4.284884808702900671e-01,2.114878751000638157e+00
-8.758025403982107049e-01,1.289995162283418040e+00
-8.758025403982107049e-01,1.289995162283418040e+00
-6.892092108073450962e-01,9.008713468736536667e-01
-4.228942718113945509e-01,5.987828106952327589e-01
-2.670737979670727569e-01,3.825043303948676421e-01
-2.629986409129624059e-02,2.050575724572409053e-01
-1.368014886695571308e-01,7.713328112409278958e-02
-1.357205835679060613e-01,3.417978833482376855e-02
-1.548240634068105692e-02,1.146291769926892634e-01
2.325836546630845048e-01,2.625395692423409533e-01
3.237990159961645631e-01,2.604845381771863089e-01
4.020698681673309238e-01,5.012763978223839789e-01
6.353494776185795168e-01,6.915101102579210846e-01
6.407362250195104414e-01,1.029437016599812349e+00
7.754432708648422157e-01,1.254131052653663758e+00
7.522128461377084463e-01,1.479087201504854177e+00
6.906857610879827414e-01,1.721866677596633366e+00
5.956500850766648369e-01,1.934791092998618733e+00
3.197975669064477833e-01,2.117176667438959825e+00
9.570061152598230425e-03,2.466966394919707817e+00
-2.240328028123511617e-01,3.115287065142380740e+00
-1.113809367426496166e+00,1.485750411882106992e+00
-1.297851360052755032e+00,6.036831472589232472e-01
-1.222161699414798575e+00,4.030815859070647211e-01
-1.180103226487595913e+00,2.871380517506909036e-01
-1.140840777672697870e+00,2.158379751409551794e-01
-1.104664255286291752e+00,1.476311784746586475e-01
-1.022834075513612273e+00,9.529188435175932337e-02
-1.036090721670479331e+00,3.236272875441882635e-02
-9.550721525627913211e-01,-3.636249724261213928e-02
-9.552448750239025399e-01,-1.139847926633140163e-01
-9.780300304967439740e-01,6.553331833048336996e-02
-9.471414077602287040e-01,3.780653237557963786e-01
-1.065170094247586130e+00,3.382297712251290944e-01
-1.024694590731377808e+00,2.141849710316896527e-01
-1.134193545982775442e+00,8.759139418740830019e-02
-1.101764870231996873e+00,1.886051903989022227e-02
-1.047539444849072687e+00,-7.781925126052408048e-02
-9.519579027791429393e-01,-8.908947531665439845e-02
-7.867433604776949974e-01,-4.133448671111794592e-02
-6.866797465848094584e-01,7.143474175271113946e-02
-4.892936669008953743e-01,6.633858588592872474e-02
-2.446269273896820584e-01,1.538695849247571079e-01
-1.263680040680568162e-01,3.146933629872158411e-01
1.110060378724664898e-01,5.069903988757377133e-01
2.041433315336168008e-01,8.405413865818821550e-01
2.428059423534507655e-01,1.058097118194812891e+00
1.742942666708242883e-01,1.346149585320522091e+00
-1.611758108047173232e-03,1.542766971480457272e+00
-2.450702542036367060e-01,1.820437695011297485e+00
-5.914905312092388900e-01,2.352806263393090624e+00
-1.125585040273159532e+00,1.446441787729640049e+00
-1.275539225413509392e+00,7.042307763357417150e-01
-1.296006157334501863e+00,4.658409627388915286e-01
-1.176547730898388266e+00,3.721023985735807393e-01
-1.117721242924120340e+00,2.970851928770009698e-01
-1.073267512728725892e+00,1.901097455555582350e-01
-1.031180240687067595e+00,1.109324681650903643e-01
-9.241889495751308692e-01,8.294360629592271994e-02
-9.081146389971586075e-01,1.194579346465689806e-01
-9.128329471988533284e-01,3.625008270120926857e-01
-9.939567739769369359e-01,3.947176319709464476e-01
-9.581417867146573286e-01,2.670388967639474309e-01
-1.070084650200221477e+00,1.259642121495252454e-01
-1.160049631719644481e+00,1.242737655167064359e-02
-1.107851661289575240e+00,-4.934427722427731089e-02
-1.035253997076719390e+00,-8.460257166249107730e-02
-9.914234722635848485e-01,-1.272825991332222628e-01
-8.555811166682285585e-01,-7.620041672535604604e-02
-7.065577775518285808e-01,5.613368839919119502e-02
-5.404163637540785325e-01,1.523473562790494951e-02
-2.486610703607234074e-01,9.965912887118283381e-02
-8.755101484000668566e-02,3.074687573375032845e-01
1.499946567453053214e-01,5.029756622735822580e-01
3.240900492681357270e-01,7.480176853115365621e-01
3.271081912054030205e-01,1.031461043972117020e+00
2.937344403493958866e-01,1.278768905225603270e+00
1.486173743910588207e-01,1.484353083711909882e+00
-3.196587005406129056e-02,1.742840297355732870e+00
-3.401047958728718457e-01,2.177773172136169055e+00
-7.436506451913235116e-01,2.083325717695550416e+00
-1.152242520104542089e+00,1.274116195343989233e+00
-1.317217192362055034e+00,7.125711684906594900e-01
-1.250289541596702803e+00,4.196683227785598103e-01
-1.186162510815266691e+00,3.250845632088326109e-01
-1.097533952849453431e+00,1.926960922261641007e-01
-1.040053938091997532e+00,1.226930769450482739e-01
-1.008366907902292109e+00,1.735984981850764025e-02
-9.936029130527962439e-01,-2.960522551306199110e-02
-8.873017920338246434e-01,-2.192081189002304323e-02
-8.637933984136179077e-01,-2.262544819633812432e-01
-9.130329805266730325e-01,-8.334474663405617711e-01
-8.654445463341803313e-01,-7.502476240006417108e-01
-9.950939138202896661e-01,-6.223896279628653438e-01
-9.474484906020252950e-01,-6.023013489574102763e-01
-9.063819773530751300e-01,-5.862293150181823176e-01
-8.882539760335343981e-01,-5.137532020527348919e-01
-6.663486784441512434e-01,-5.719560399269837392e-01
-5.343511280178774303e-01,-5.854676855960810888e-01
-3.527295766472702265e-01,-6.548665092778668262e-01
-2.009774043900823537e-01,-6.313523256169293330e-01
5.082946457593925937e-02,-6.853085170090148504e-01
3.849951271240037443e-01,-8.068198387985283659e-01
5.790164176381165095e-01,-9.400487063562830148e-01
8.854699340364623472e-01,-1.215317234976118321e+00
9.999102640712926870e-01,-1.421534697701522632e+00
1.054331137557428022e+00,-1.708439521544919071e+00
1.112963581862153717e+00,-2.099351775102575868e+00
9.203683295530858954e-01,-2.569261643444006094e+00
6.796759892041347451e-01,-3.003136228149450471e+00
-4.703093357719726475e-01,-1.740309361201515248e+00
-3.356344239454057687e-01,-1.307447982212953885e+00
1.028390339591789271e-02,-1.019292615667307444e+00
1.991975000641104110e-01,-8.157412299621695784e-01
1.826475708029176026e-01,-8.097150046548103886e-01
1.771573989385140935e-01,-7.584112187474041367e-01
2.800854827812851999e-01,-8.718678572824094530e-01
4.466594262417517003e-01,-8.609172552113325549e-01
5.631340810136069575e-01,-9.856811967750602754e-01
7.805571382599439945e-01,-1.219360771753544181e+00
1.189388613980129517e+00,-1.518598192637413469e+00
1.169881035852818441e+00,-1.857426483696198005e+00
1.052356107590265433e+00,-2.190835900543123049e+00
8.791346461837139525e-01,-2.472484538993978909e+00
6.529140525025934894e-01,-2.944478795606745969e+00
-1.084772571723412737e-01,-2.570906120394821581e+00
-1.224417302867710999e+00,-1.172479135092228342e+00
-1.304451628421549270e+00,-3.859941559906148179e-01
-1.277865644178017623e+00,-1.455232589370703822e-01
-1.278586537429155623e+00,-9.808862989138142363e-02
-1.287885677295792286e+00,-6.741847391731622952e-02
-1.296317377264379900e+00,-1.684336652400222206e-02
-1.234895134652631343e+00,1.171732305108030836e-04
-1.221933347169861461e+00,-4.170461371668399142e-02
-1.244710301802993691e+00,-1.687815259795871770e-02
-1.251895257213348600e+00,-5.736928825701131940e-02
-1.259660577702300888e+00,-4.772279589492659652e-02
-1.135038719393114404e+00,-3.504761002368927958e-02
-1.162726578856769555e+00,-6.468256022794499627e-02
-1.152015992703701253e+00,-7.737086343209620409e-02
-1.058361243396144236e+00,-6.986582076490661930e-02
-1.085392648695364670e+00,-8.100760313547934743e-02
-1.094472158059160760e+00,-5.306054864942384014e-02
-1.027332715162452947e+00,-6.125328212078048895e-02
-9.986284235867554093e-01,-8.507613786715162441e-02
-9.666087735123862767e-01,-9.022583462492238249e-02
-9.345243284932692740e-01,-3.324846840721246144e-02
-8.553850840516999954e-01,-9.046490838211182495e-02
-8.187908835968028542e-01,-2.328212432027195189e-01
-8.926559512589661294e-01,-8.565416308732172190e-01
-8.818394368534760996e-01,-8.529273281142859542e-01
-8.908169152009005609e-01,-7.751876076851249575e-01
-9.022813202110255837e-01,-6.586401834064280481e-01
-1.044936005135325141e+00,-6.403820650957917637e-01
-9.911180974009072830e-01,-6.056229053401996909e-01
-8.617659035460685235e-01,-6.161491444811287854e-01
-6.257979892951226475e-01,-6.474052527478034724e-01
-4.532307966930648746e-01,-6.988330218683991291e-01
-3.269976755359436660e-01,-6.695889259068547039e-01
-1.052670178412092733e-01,-7.521997448835886502e-01
2.495551180053083573e-01,-8.958772894922129026e-01
5.118772003812426252e-01,-1.091498374071701027e+00
8.541476547781716722e-01,-1.363621451329908307e+00
8.337321960914952923e-01,-1.606205788664841538e+00
8.802879943584900335e-01,-1.953671248925829218e+00
4.759022188303495549e-01,-2.225397014803375040e+00
6.092106367271813427e-01,-2.736745975553692922e+00
-1.823030840204286351e-01,-2.522236404007795585e+00
-1.161300500988896367e+00,-1.183412823013114235e+00
-1.294382286607022259e+00,-4.535734032953707695e-01
-1.233198013693476369e+00,-2.459572408736745430e-01
-1.266720623779944432e+00,-1.343579897621920149e-01
-1.332604151589272812e+00,-1.840267881492611834e-02
-1.261977701087676262e+00,-2.524401210618009914e-02
-1.183975807185833284e+00,2.196013973302543554e-02
-1.202972699451414051e+00,1.756351823878055801e-02
-1.188224213305943522e+00,3.478355387599002535e-02
-1.220013187453223402e+00,1.239461986958853984e-01
-1.174244409450328819e+00,4.396177075613769136e-02
-1.093781621490694800e+00,-6.236744735097286829e-02
-1.146746014391263779e+00,-1.037754556858092592e-01
-1.082102800657260389e+00,-7.403811701384288568e-02
-1.040579106217683014e+00,-3.970443687095401297e-02
-1.011107099786937580e+00,-2.973268146294397174e-02
-9.950865997166533639e-01,-1.807637403133115217e-02
-9.941136369645401372e-01,3.282806227245231578e-02
-8.497368856515690183e-01,-1.134898754263315573e-01
-8.373622361161211503e-01,-1.178769118837482976e-01
-8.332934348406748626e-01,-1.388609463859727111e-01
-7.308437981905343550e-01,-1.701644507359684755e-01
-6.369337174206995966e-01,-2.186095557083794771e-01
-4.593450916275300111e-01,-5.781050302136939850e-02
-3.454513428935309105e-01,-5.329808866630871000e-02
-2.853051205657757272e-01,-1.214361075684328717e-01
-1.160080751908907637e-01,-1.989206813983013244e-01
4.140164349946870437e-02,-2.339303847886523569e-01
2.345610065206888695e-01,-1.444093355537729995e-01
5.069281960284719446e-01,-1.964998914507756211e-01
7.821232855975689402e-01,-1.699956458912506574e-01
1.140754087573586428e+00,-1.699972174914694822e-01
1.375329138082078684e+00,-1.016932788863708637e-01
1.537801402176142807e+00,-1.338455316808847828e-01
1.836408374377086927e+00,-1.252462286169288008e-01
2.024267655127314658e+00,-1.578003605180141600e-01
2.338579142937132538e+00,-1.510688549461195462e-01
2.441014805995433967e+00,-7.729459920812047080e-02
2.481069686808734520e+00,-1.009943212627159581e-02
2.554632754589642119e+00,-1.157894035580515069e-01
2.573115861563076923e+00,-4.958793730858364335e-02
2.642299012906240474e+00,-1.182392978569371533e-01
2.677371848538233845e+00,-1.045020983205649651e-01
2.637872339467353111e+00,-1.302120730785888414e-02
2.632791634354106680e+00,-1.464087069432573607e-01
1.534376752311745973e+00,-4.133292769155554325e-01
1.119030308142394237e+00,-8.539012374475144496e-01
7.758141171818458970e-01,-1.035682264455625390e+00
1.553935443842808350e+00,-2.192075777074485643e+00
2.236912730921293946e+00,-3.147425365336364411e+00
2.034685117525548925e+00,-2.472069325597483047e+00
2.291297096282483015e+00,-2.295424458961249581e+00
2.532210332411952702e+00,-1.665784284865577280e+00
2.928768019182053539e+00,-2.045326048996502610e+00
3.270261364605489440e+00,-2.008932597517277152e+00
3.986421960309794343e+00,-1.561820669875859213e+00
6.148568499288371569e+00,-4.787247760687148301e-01
5.387333908837633523e+00,1.175327839033136534e+00
4.269020036295093412e+00,1.752814123229774257e+00
3.595448661944089963e+00,2.516110764049388049e+00
3.079252989013712583e+00,2.848367708116786190e+00
2.557013025938203121e+00,3.044930584752741254e+00
2.108479796637884984e+00,3.274445498663312470e+00
1.413233277441686919e+00,3.408416704552454490e+00
1.004163910029682416e+00,3.752064467942882064e+00
8.175568768653757035e-02,2.959739616680003849e+00
-6.662607915069063136e-01,2.304025202713662956e+00
-1.181278258691661476e+00,1.507420226167425437e+00
-1.326547028694278874e+00,9.343544749062222543e-01
-1.317508378078986908e+00,4.546410167242437295e-01
-1.294638782609261352e+00,2.499107854607091617e-01
-1.241958218412692272e+00,1.874603415941759887e-01
-1.258313673407219779e+00,1.230381103459888548e-01
-1.227233682164971196e+00,2.282770888116898711e-02
-1.211657532050112174e+00,-2.051607757571415752e-02
-1.234070528448065529e+00,3.886662047816177856e-02
-1.232965964312243923e+00,-7.197243385079477723e-03
-1.210423649818642700e+00,5.849641666682031671e-02
-1.193927012536374344e+00,3.069245129820927231e-02
-1.134270845874624012e+00,-1.985239080335612222e-02
-1.119737322134760626e+00,-1.060963709913798070e-02
-1.166452347103450249e+00,-7.283310718907340386e-02
-1.098213908005593265e+00,-3.648281721283613832e-02
-1.084693531339462780e+00,-4.866138603108405292e-02
-1.012891492476267752e+00,-2.509217836911054739e-02
-1.000590758645121703e+00,-3.167321692628866092e-02
-9.172333321742803802e-01,-6.633980877683395838e-02
-8.825017186577409634e-01,-8.977279787573080871e-02
-8.605287280550438789e-01,-1.823438933698360853e-01
-8.444458792280713499e-01,-1.630549058731707024e-01
-8.126743048948801285e-01,9.941931629405306725e-03
-9.189329251412370336e-01,3.016901271668521733e-01
-9.925046904555652194e-01,2.480081106414190883e-01
-1.118503722683707124e+00,1.363218325098665695e-01
-1.154744114105813901e+00,4.665013845362153688e-02
-1.080701899875736949e+00,-6.618181503363784746e-02
-1.085236383693305218e+00,-6.505698421357031247e-02
-1.010601508493292888e+00,-7.435730304291954251e-02
-8.855386538770355642e-01,2.516357238720795531e-02
-6.575196947875899811e-01,3.163786418020242408e-02
-5.425736352489385350e-01,9.665130607800093143e-02
-3.035736120790664128e-01,2.390740923850834809e-01
-9.072983245558566279e-02,3.866215820411208481e-01
1.051103660722510214e-01,6.795142921550504367e-01
1.644946495209685944e-01,9.334541636927152775e-01
2.219407513845715607e-01,1.172476960128888468e+00
1.158725027512327171e-01,1.394652372839013221e+00
-6.494890858669161160e-02,1.697140957361118918e+00
-2.280617355905343313e-01,1.954021588096038542e+00
-4.392727704706044789e-01,2.564187762535954818e+00
-1.156469581178405370e+00,1.432897286860790098e+00
-1.429639746276182288e+00,7.865998296764035169e-01
-1.407400890313844632e+00,5.201041597988202980e-01
-1.396739973343827046e+00,2.800139253425997232e-01
-1.363237898911263901e+00,2.105003171392514361e-01
-1.296634539346280146e+00,2.408712813433856459e-01
-1.286959968978503621e+00,2.121300753937080119e-01
-1.260146584470690279e+00,1.194111244277912542e-01
-1.274388463591098475e+00,4.238024542545143492e-02
-1.235087867628704039e+00,-2.765249442544699676e-02
-1.228582556036806439e+00,-6.302903532707680723e-02
-1.260692314321889107e+00,1.494417737715002074e-02
-1.183490457527243800e+00,4.501042337576097174e-02
-1.150770178061793159e+00,3.368950832562117581e-02
-1.147835484826199126e+00,-1.663151949551645858e-02
-1.067536316395898188e+00,-5.590792398756798398e-02
-1.058954402812437356e+00,-1.812643391411170035e-03
-1.021390157155560363e+00,-3.139215334301226346e-03
-1.017232770322036517e+00,4.325915267797768304e-02
-9.996788368109966738e-01,2.805704756300742009e-02
-8.930509071906501672e-01,-7.894254195520930550e-02
-8.844625037707459780e-01,-1.048303893539254683e-01
-9.829251028260077572e-01,2.812965964972159449e-01
-1.001366810687123188e+00,3.589584578269491288e-01
-1.090105602763647319e+00,2.169726499409170284e-01
-1.099976372494558152e+00,2.569572469073927445e-02
-1.061785349169111603e+00,-2.978406852380127701e-02
-1.163668180342030345e+00,-3.768543671296215036e-02
-1.006531997343852014e+00,-1.220186684798088006e-01
-8.986980135561054572e-01,-1.125831005466811918e-01
-6.444515409722518795e-01,-1.973641558376026950e-02
-5.207350239863713925e-01,-1.321082618819680032e-02
-3.228810919943783664e-01,-3.195269698979819051e-02
-8.282336821005240046e-02,1.194952493392896220e-01
2.570444334640414330e-01,2.875142424662170404e-01
3.500737580830681206e-01,5.355713623773985521e-01
5.388212151954303586e-01,7.274325031483632742e-01
6.254604200521277635e-01,1.069109657342580011e+00
6.569656567907609102e-01,1.204849077075051955e+00
5.954786874526105667e-01,1.375111906582815013e+00
4.598149361936239576e-01,1.575418256224984770e+00
3.138427226129976155e-01,1.814825033599054560e+00
1.877171406616864879e-01,2.085693150266576978e+00
1.848758379633974602e-02,2.781701515331547192e+00
-3.955283064209646482e-01,2.254768044454410258e+00
-7.914692516821776325e-01,1.019202229893902301e+00
-4.393388830359802877e-01,4.955877437892141635e-01
-2.357928600577935963e-01,1.301536148560504813e-01
-4.029698627991228910e-01,3.563632842091296604e-02
-2.814220021235682712e-01,-1.648904062126249626e-02
-1.536575793814672353e-01,-1.054151561161847939e-02
4.196129125232063439e-02,1.628393264331177703e-01
1.159601917913096331e-01,2.310252316394278416e-01
1.746127100612573368e-01,3.177111292003262366e-01
4.429354525770261564e-01,4.648805759241286806e-01
6.337938777174045857e-01,7.034930863377673038e-01
8.329708973195401045e-01,8.661017060952852509e-01
8.954894863688759310e-01,1.123283550779535123e+00
8.949434618761011873e-01,1.341742371548028112e+00
8.423027263723865676e-01,1.648168461958691156e+00
7.826746816328855605e-01,1.750998671902428860e+00
6.565231772124694443e-01,2.020173290625611351e+00
3.345673790284348081e-01,2.094569108871001895e+00
9.725155237209714976e-02,2.507528808869880610e+00
-3.610975868219691298e-01,2.961976550747455583e+00
-1.104097962378177034e+00,1.352996500758482989e+00
-1.320589915205971243e+00,6.494863408377262726e-01
-1.249876955472556839e+00,3.803274961329400905e-01
-1.172608221646981308e+00,2.101970821083538887e-01
-1.129400899221505217e+00,1.365574661151271463e-01
-1.020094810158991727e+00,4.293912263503013582e-02
-9.855953430789613501e-01,4.400925622051485298e-02
-9.509224354408306601e-01,-1.801551124506509810e-02
-8.435031850871577142e-01,-5.152083427860350284e-02
-8.501900225728356020e-01,-7.103231179005210782e-02
-7.544046571905249632e-01,-1.993700910986136166e-01
-7.937066156187460031e-01,-8.948928947647939447e-01
-7.848159034638131359e-01,-8.188460331638818257e-01
-9.083985365613200802e-01,-7.317507821291541203e-01
-9.410620408022597472e-01,-6.379971823917713891e-01
-8.435905561046521672e-01,-6.498735272042435174e-01
-8.719087536846138464e-01,-6.495956078809768108e-01
-7.265925922563633010e-01,-6.206205242019168233e-01
-6.453162725826219193e-01,-6.638364123810770456e-01
-4.746132772513328435e-01,-6.849537217007045653e-01
-3.298696756036804123e-01,-6.757991044358034882e-01
1.985017619813539413e-03,-8.082045373971091795e-01
2.612071129166197991e-01,-9.292766655816235843e-01
3.700316159520847803e-01,-1.065560705917841355e+00
8.061994283857977228e-01,-1.420434814366609677e+00
8.143744330427455935e-01,-1.660375127921172478e+00
8.689147508315668844e-01,-1.989668379253576092e+00
7.169150601727872774e-01,-2.400545864728957479e+00
4.210462873425585562e-01,-2.723480439322532920e+00
-3.755807587757361565e-01,-2.242112625758446498e+00
-1.141485665251671167e+00,-1.039937463650137062e+00
-1.091560207413639239e+00,-4.723762090970319294e-01
-1.003821101498401758e+00,-2.835579010978952486e-01
-9.408365867876077315e-01,-1.025560520909274964e-01
-9.017451175095760885e-01,-1.656200062774437765e-01
-8.536999173380361849e-01,-5.760384302697668657e-02
-7.699012903636440752e-01,-6.040068896596111070e-02
-7.095164205245027000e-01,-1.395167208662931035e-01
-7.546508424426174866e-01,-4.143946489372007935e-01
-7.188526805878734383e-01,-8.783067482254810487e-01
-7.877314210274192208e-01,-7.953793087869902578e-01
-9.339104549273401501e-01,-6.916383195053583677e-01
-9.909130236214364063e-01,-6.557572474637178850e-01
-9.313246671308212932e-01,-6.102374265390950736e-01
-9.432556930516659000e-01,-5.988963457756693032e-01
-7.889602463699559864e-01,-6.075905655613691447e-01
-6.391031046775141888e-01,-6.550367366984215511e-01
-5.150167211178898752e-01,-6.623504970306585138e-01
-2.592257432057255007e-01,-7.317879983564713475e-01
8.793684174081956018e-02,-8.309170527058803435e-01
2.768574320808762090e-01,-9.618372329273212618e-01
5.370167701006284267e-01,-1.164563150235464306e+00
7.008619425600026709e-01,-1.373367678224667987e+00
8.715801003420541315e-01,-1.677293262742305835e+00
8.300665403906839490e-01,-2.005414507454033490e+00
5.839271036292006389e-01,-2.223537451011281085e+00
1.609494256948017787e-01,-2.336486471969561496e+00
-2.337566849183143891e-01,-2.560700264243624957e+00
-1.163056804437765379e+00,-1.115328732218709540e+00
-1.130448469584307336e+00,-4.613936915929935378e-01
-1.085175078443654240e+00,-1.323903385993144832e-01
-1.017048025005389489e+00,-1.150204985579422745e-01
-9.996882299853764309e-01,-1.063843801517006665e-01
-9.225587768598536575e-01,-1.170295716496154298e-01
-8.804483488586362094e-01,-1.165539417648689124e-01
-8.291746865991269644e-01,-1.237752985373556103e-01
-8.729187324886079624e-01,-6.227062917402065301e-01
-8.702780241612801948e-01,-8.418398421384871710e-01
-9.031584834615882240e-01,-7.505694468174061162e-01
-9.369875027029394010e-01,-6.635590797680157582e-01
-9.825017230993411399e-01,-5.670594676536839795e-01
-9.395786668370337269e-01,-5.235057163231878752e-01
-8.424181386382820769e-01,-5.379268766885060282e-01
-7.399713816280936163e-01,-5.090481314868608997e-01
-5.602832382378168941e-01,-5.798537792209175201e-01
-4.557458611238649482e-01,-5.918373456329457660e-01
-2.362961103209069436e-01,-6.068611377415359387e-01
6.169526821675294648e-02,-6.506370486790303831e-01
3.562530221945222619e-01,-7.467397231619383735e-01
4.951152459552844443e-01,-8.025927649470222525e-01
7.813285421472859760e-01,-1.057705089868833381e+00
1.191222389573760587e+00,-1.453872742524905615e+00
1.303936676939625006e+00,-1.744912783644646304e+00
1.234029034127236857e+00,-1.990045949100199163e+00
9.505558974177560350e-01,-2.410526633694058951e+00
9.326417240497043570e-01,-3.146963387669864165e+00
1.719752907682487175e-01,-2.442651258829614758e+00
-4.086456632039943138e-01,-1.164324083496113715e+00
2.461146967371272698e-01,-3.248801046234946477e-01
-4.216290330046845725e-02,3.737029242802442641e-01
-8.659963035515405583e-02,9.840976153279235028e-01
-1.862468876094685588e-01,1.280466943487974962e+00
-6.839228034125871547e-02,1.564170151868921943e+00
1.194961325337413616e-01,2.018540672252914892e+00
2.330182047933602452e-01,2.092077027744581041e+00
4.134102571345174004e-01,1.254689158637302571e+00
1.073864959504483352e+00,6.332098171585652802e-01
1.772485938390192306e+00,7.025637300463094537e-02
1.789627171013027374e+00,-1.074586072993786445e-01
1.907129431905731476e+00,-9.532358627739689894e-02
2.093894667792767450e+00,8.275389068099922585e-03
2.384286354491397919e+00,-2.367754012190631530e-02
2.468834356504498118e+00,5.602552742217659087e-05
2.535006245528625080e+00,7.526825981055282333e-02
2.723063531927044867e+00,1.076059553284822445e-01
2.731073475863316613e+00,9.273957479775393753e-02
2.791547588991312612e+00,8.601846219171366270e-02
2.726130933804146395e+00,1.316927916102494933e-01
1.713145868655856052e+00,-1.049887132398950595e-01
1.322584108202626840e+00,-5.814831876599988458e-01
8.609448488604788396e-01,-6.584852645370612434e-01
1.457315063948525058e+00,-1.785637290910288666e+00
1.941851857469214959e+00,-2.170086080828352859e+00
1.817586673524166807e+00,-1.741605310213049762e+00
2.107662950048945216e+00,-1.715750198811367699e+00
2.380744128589261877e+00,-1.434830351718113572e+00
2.641314164205162740e+00,-1.670663944847688320e+00
2.931127871834647181e+00,-1.656347752856983879e+00
3.422719438646214751e+00,-1.220623711730130179e+00
5.586383535656740840e+00,-5.280811164717473805e-01
6.235688130903973558e+00,5.962617312379649981e-01
3.837783455083353612e+00,1.585994281289255348e+00
3.356888954273503867e+00,2.376111066005426764e+00
3.126017850191721958e+00,2.638431971659880748e+00
2.594116919857496484e+00,2.838667104429884347e+00
2.058061106249417627e+00,2.996523547219689831e+00
1.382034527451784900e+00,3.054534676565152651e+00
7.255036749803115415e-01,3.384142830355443721e+00
3.045486493920364635e-01,3.698572957949022300e+00
-6.814738790543304336e-01,1.747626023317149668e+00
-6.814738790543304336e-01,1.747626023317149668e+00
-9.093168621944744956e-01,1.074207947721230738e+00
-6.878105789410158266e-01,7.621036561067386916e-01
-3.923282060759809009e-01,5.695651967534453020e-01
-2.114258627902862800e-02,3.448442174543276950e-01
-1.893193936202558839e-02,2.188857583299088638e-01
-1.820441605975457733e-02,8.228005852153741362e-02
2.018064808046483860e-02,7.102844121351986617e-02
1.553724538426752289e-01,1.615970561877753675e-01
3.300080680272658440e-01,2.607864795904095701e-01
3.512745624260765753e-01,2.927808244013659911e-01
6.219823717111678807e-01,5.138490769786544510e-01
8.848304091491002721e-01,7.844554627264005431e-01
7.463013283865945757e-01,9.704993771164968086e-01
7.976813720411259911e-01,1.245885986169268600e+00
7.193406302155451737e-01,1.474544403610788645e+00
7.330063778900230975e-01,1.716809338365150595e+00
6.907950871174219909e-01,1.887384214300914742e+00
4.233739515889072269e-01,2.056393465216037608e+00
1.599476105654629721e-01,2.274977782955738270e+00
-2.164262101221114953e-03,3.017075948714101674e+00
-6.929168190483432355e-01,2.434108608928044593e+00
-1.245649634353970914e+00,1.003257826134452024e+00
-1.245979670090516134e+00,5.691074731076338766e-01
-1.188465172158924776e+00,3.677859786876154780e-01
-1.149504328815240672e+00,1.631871581447583153e-01
-1.098133769009465022e+00,1.705685434743269835e-01
-1.036149517602286352e+00,5.540387512448230467e-02
-1.037096014297597790e+00,4.548472455410082493e-03
-9.528979052407854367e-01,1.109165840027161176e-02
-9.381751829009776777e-01,8.018804159093229078e-03
-9.179559974158730817e-01,6.336334655367172747e-03
-9.399757381576659965e-01,3.323785947066547619e-01
-1.019170685850638636e+00,3.786348430607875404e-01
-1.106673985984260256e+00,2.090776945927907138e-01
-1.096010195363493311e+00,9.931522733134284797e-02
-1.133920898910437458e+00,7.526552543429931852e-03
-1.003275619512038475e+00,-4.586004732987047916e-02
-1.012152440297234390e+00,-7.307471038407431507e-02
-9.191948351532459593e-01,-8.287833448191495034e-02
-7.106100525271508150e-01,3.962480150425434777e-02
-5.315220010980107324e-01,5.388902423619829074e-02
-3.336843942042636013e-01,1.129191395576354950e-01
-1.519671740818459016e-01,2.880370074898467858e-01
-7.863555285993145683e-02,4.770580316172203794e-01
1.688781713185096289e-01,6.890826320948932882e-01
2.905534942643405727e-01,1.059911663715638719e+00
2.830070300307468978e-01,1.345617285838956789e+00
6.709756499110300365e-02,1.482003201037358497e+00
-1.109958566845373473e-01,1.716223841797156924e+00
-4.330513479697560286e-01,2.267879371093155516e+00
-8.017702065044145510e-01,2.014355858998206017e+00
-1.233609667948918354e+00,9.452826337056468020e-01
-1.277745711544446605e+00,6.071136972710695634e-01
-1.219374051272473114e+00,4.570057896523946894e-01
-1.134853216206364479e+00,2.216026274820563635e-01
-1.101280325360082690e+00,1.835976553704713465e-01
-1.014335433290349364e+00,1.891255575462117144e-01
-9.316646886903592328e-01,7.139734775726708227e-02
-8.653548558710896232e-01,8.176578349359475695e-02
-9.177711094214652254e-01,3.168525120412495899e-01
-9.919183161382690850e-01,3.876671083366891035e-01
-9.364445880079185214e-01,3.202238286191039784e-01
-1.039529742398484613e+00,1.874301096236117847e-01
-1.114135486323981405e+00,8.694473981249761785e-02
-1.101532743256916413e+00,1.488902421156340639e-02
-1.061102813872129236e+00,-2.819679467982616483e-02
-9.794159257869361479e-01,-1.005346868205062583e-01
-9.265062544699278479e-01,-9.758643319591581156e-02
-7.469414295413803195e-01,-1.310350894496215002e-02
-5.759118404226520882e-01,7.759605305679095899e-03
-3.663592582017359267e-01,6.188046523977336344e-02
-7.181190191391674527e-02,1.809394617959562690e-01
-5.358937701054642538e-02,3.564991791277641875e-01
2.199761935667742807e-01,6.943643064756389593e-01
2.994030540418687880e-01,9.959977107499458082e-01
2.846582344726629188e-01,1.222425382072327427e+00
1.528388829844010421e-01,1.502022438712912855e+00
2.127601614095095406e-02,1.654352060835487137e+00
-2.957772419441058176e-01,1.975285189376873918e+00
-5.944694837356760964e-01,2.298914585330613658e+00
-1.087212759232202730e+00,1.546613957455027055e+00
-1.294992468034021016e+00,7.649493713803610095e-01
-1.288064697766970079e+00,4.673033479374107957e-01
-1.211716832417479184e+00,3.646198975721682278e-01
-1.152994031325030200e+00,1.875736917250218905e-01
-1.126691676217272953e+00,1.803886592476487971e-01
-1.023545594660101532e+00,9.138266953315303531e-02
-9.610390943110234119e-01,4.466429951781937524e-02
-9.012369932001028650e-01,2.006996938812186104e-02
-8.917734015640630396e-01,-2.117132155833516827e-01
-9.160156030156738627e-01,-8.294149435543656246e-01
-8.831636314921386122e-01,-8.041403627630349105e-01
-9.314550862657859920e-01,-6.956863454809139036e-01
-9.389761527775201122e-01,-6.223711097049238195e-01
-9.293133110154009335e-01,-5.318192373820557206e-01
-8.503252766897224646e-01,-5.568533407186732065e-01
-7.410670967982097013e-01,-5.220950963445244453e-01
-6.514581705397128886e-01,-5.811389915448517129e-01
-4.021668426157966048e-01,-6.674980516445816470e-01
-2.034428203412151914e-01,-6.668165317638353740e-01
4.199545903547358128e-02,-7.219562267253823995e-01
2.393556268677389798e-01,-8.304343636006997764e-01
4.965106720108045657e-01,-9.251362775023406204e-01
8.037165726850439285e-01,-1.141556103789118204e+00
1.205766674484473722e+00,-1.538170274695914053e+00
1.116578121960177583e+00,-1.750739010992783395e+00
1.019455741048754138e+00,-2.101972394196388372e+00
9.153890438794476392e-01,-2.499048824884127384e+00
6.664988989118650897e-01,-3.011503023783131727e+00
-3.700929851032836448e-01,-1.906303574899950615e+00
-3.680154729364883970e-01,-1.264582979700672016e+00
-4.007301987357111961e-02,-8.910724653861948896e-01
-4.640188784596002147e-01,-6.920474446520822331e-01
-3.701145724238207313e-01,-7.059716097281798497e-01
-1.685297280975856515e-01,-7.830614927917977086e-01
-1.910561812979641449e-02,-8.107141191118427681e-01
1.959711441520060882e-01,-8.945375271117300686e-01
5.808392972578579894e-01,-1.096407292788636800e+00
7.163429990400291825e-01,-1.295988781445998272e+00
8.752524063162354651e-01,-1.559512402154370037e+00
1.044279746398430131e+00,-1.945689435415790758e+00
8.150282515872058209e-01,-2.216385949805566913e+00
5.139491813806107423e-01,-2.506510420867053668e+00
3.722047257637207118e-01,-3.257673706901384580e+00
-9.991182387293680023e-01,-1.471835904627462055e+00
-1.310279852518853927e+00,-4.422764895911712180e-01
-1.308803140665571574e+00,-3.225901215626494900e-02
-1.279601339747358901e+00,2.345043412393310600e-02
-1.270580308988484619e+00,-1.865425786015475346e-02
-1.253806246400839930e+00,-2.419128014130485227e-02
-1.302671251466900326e+00,1.078497860799658425e-02
-1.216211005791941524e+00,-3.810143779249166446e-02
-1.241125554186010005e+00,-3.035580932728696932e-02
-1.242918912587029912e+00,-8.432334966381702102e-02
-1.224428783015352629e+00,-9.677150124360067718e-02
-1.205619641296326705e+00,-7.278870632120366946e-02
-1.176352278187761335e+00,-3.210423287853791247e-02
-1.158564252132163741e+00,-2.980680779148145790e-02
-1.178028365046654091e+00,2.997262861076099849e-04
-1.093771528668079140e+00,-5.923176694179287799e-02
-1.091092008231319799e+00,-7.220203905737777872e-02
-1.013121941129870418e+00,-8.467098556258437214e-02
-1.033643710138453020e+00,-8.884598453046542443e-02
-9.769690091675909960e-01,-1.067338783522097656e-01
-8.820495828657457515e-01,-8.419917056647616138e-02
-8.842796854924176442e-01,-1.193274218972504297e-01
-8.601518725775215701e-01,-2.525544623786730725e-01
-8.324778489749251609e-01,-9.078165778351989790e-01
-8.094455048869277913e-01,-8.438711707266312034e-01
-8.363847447189057815e-01,-7.839218266946277325e-01
-9.615505514238864571e-01,-6.499518980496366005e-01
-9.963316312879452186e-01,-6.295652334215064982e-01
-9.179076214884653862e-01,-5.963901356530569853e-01
-8.049844579285641011e-01,-6.313213074940500213e-01
-6.184506872785541232e-01,-6.251135076034612936e-01
-5.036112097158256251e-01,-6.877903755115571949e-01
-3.726329670342693468e-01,-6.940371527414102015e-01
8.791613740461362569e-03,-7.730252628695568617e-01
2.433928199807479931e-01,-8.691037021978810229e-01
5.971720867246311792e-01,-1.070472406721023173e+00
7.411312606399663716e-01,-1.305962214066437532e+00
8.142349214536276358e-01,-1.625265758635186408e+00
8.489312840692810891e-01,-2.002346833855169983e+00
6.993990435411560069e-01,-2.313255555350593795e+00
5.630105498414730292e-01,-2.725774677842202731e+00
-5.699457937694896170e-02,-2.687008252294314836e+00
-1.136485726786445438e+00,-1.240833952401940055e+00
-1.281819979573018964e+00,-3.206586800709861906e-01
-1.285982108482045971e+00,-1.368345997330745745e-02
-1.246781943821068772e+00,5.679250321762618903e-02
-1.251319957386511250e+00,1.066535921185578079e-01
-1.241793990301196970e+00,6.185488410015194116e-02
-1.226635608929204535e+00,-4.090316021091527920e-02
-1.232283625588885601e+00,4.293249941523670510e-02
-1.212142408712974850e+00,-4.109528647386631595e-03
-1.151096367463549930e+00,-1.186761547628317759e-02
-1.167991575752364897e+00,2.019805179969431236e-02
-1.139451218038284530e+00,5.371785163271296237e-03
-1.100431736805258742e+00,-8.472069070359591891e-03
-1.091065243296386100e+00,-9.994034012452400473e-02
-1.096069790713750658e+00,-1.216635111024034349e-01
-1.054064590695741765e+00,-7.359951374102577382e-02
-9.841008497112173625e-01,-9.743643284972418328e-02
-9.297322042454522206e-01,-1.218961295618495450e-01
-8.921875877948615141e-01,-1.563568584876114387e-01
-8.777740334966276370e-01,-1.124926621509959312e-01
-9.210528792152153921e-01,-1.389393596880744153e-01
-7.426468900873308687e-01,-8.680557822904244603e-02
-6.248719253508177029e-01,-9.760371288327379657e-02
-5.454675478796321419e-01,-1.862807600777245942e-01
-4.067053500219294238e-01,-1.163219777424284174e-01
-2.709097213488299016e-01,-1.192804265891602294e-01
-6.241198617402420046e-02,-1.185220523714854285e-01
5.178075956410793657e-02,-1.165475974317186358e-01
2.838754785454519203e-01,-1.639189570906801618e-01
5.416145072074385336e-01,-1.397961314024369905e-01
8.211239965569648858e-01,-1.716820756020874805e-01
1.069906241188874674e+00,-1.305045643268655797e-01
1.337588938081673007e+00,-1.459199002953593671e-01
1.593766689784682944e+00,-1.433595580586914942e-01
1.981281411258069225e+00,-7.961328053004149141e-02
2.087147484821619603e+00,-1.260513290892856519e-01
2.096217502943084288e+00,-1.405651242725623751e-02
2.218580712856237813e+00,-6.468661764127520142e-02
2.420582170139902178e+00,-1.221068470341500761e-01
2.599737193902603050e+00,-8.565395463468963855e-02
2.708867254022341076e+00,-7.734900752295044424e-02
2.565774648612848541e+00,-4.834439784412801477e-02
2.513892544885529823e+00,-7.964733260595777131e-02
2.626643393985580666e+00,-9.583578772725352690e-02
2.631327999730971534e+00,-1.147338478765288494e-01
2.540413399769623659e+00,-1.340248159221918978e-01
1.263604369943743810e+00,-3.482781864117760473e-01
1.149246752715367581e+00,-9.011314632485829534e-01
7.148830870342149924e-01,-1.041611555517072185e+00
1.553107566211990420e+00,-2.352889587286445927e+00
1.876801947019731687e+00,-2.761585331424414314e+00
1.699938898553656541e+00,-2.270662763994386157e+00
2.082724790135669135e+00,-1.825405580668861827e+00
2.263182744789659306e+00,-1.358051610431314504e+00
2.617904755402373329e+00,-1.794730585138604617e+00
2.995187839033192301e+00,-1.395339670643661600e+00
3.932197477119489193e+00,-1.181141538781350864e+00
5.773213782963896534e+00,7.134415097066243439e-01
4.863210980243074744e+00,1.392118242613221701e+00
3.722683917203204018e+00,2.067368292944565589e+00
3.275155245205378929e+00,2.562416438691278664e+00
2.824342918522223300e+00,3.010650687496245759e+00
2.200600321561097417e+00,3.111354184428876124e+00
1.580270358958984378e+00,3.257601806077752737e+00
1.094369971755487558e+00,3.436336172971243386e+00
7.556519693386605230e-01,5.166321310803750677e+00
-4.941226503419298699e-01,2.378898189129535545e+00
-1.077951815040700811e+00,1.646308024808613046e+00
-1.352914885005199963e+00,1.006031487714814432e+00
-1.339357671284902906e+00,5.993884846041716008e-01
-1.320570621035352277e+00,2.547024596810585351e-01
-1.264275315399049138e+00,2.142219643224345937e-01
-1.289360224130364996e+00,6.996258826769867489e-02
-1.271547862861065692e+00,6.475070989433261148e-02
-1.262262621987021216e+00,-8.318169935452555952e-03
-1.187122450595248457e+00,1.367167992709625302e-03
-1.235202334130126367e+00,-2.672975953454863676e-02
-1.218392706169480366e+00,1.251564848273838820e-02
-1.135684514070229856e+00,2.736052275815911705e-02
-1.110473750635726509e+00,9.192785001566519676e-03
-1.125806275437936099e+00,9.286586213320263683e-05
-1.070365168437867665e+00,-2.290637383980807101e-02
-1.103902309176097329e+00,2.543671277893942706e-02
-1.060144392228564270e+00,-2.978808540988225895e-03
-1.084475718360113694e+00,1.023357858069992923e-02
-1.010506966300040776e+00,-4.480391657920274745e-02
-9.474826732869624513e-01,-7.378502317734202121e-02
-9.295058790887111844e-01,-6.438158194681979640e-02
-8.365120709233498930e-01,-1.990553518556217039e-01
-8.467322379295133539e-01,-8.233884028816486345e-02
-9.076911532609577282e-01,1.602342176302484766e-01
-8.802057007254069365e-01,3.142453297382730160e-01
-1.027397656059226394e+00,2.369225953106641747e-01
-1.096774217178970279e+00,8.700649984426811478e-02
-1.110202633195315425e+00,3.005541796717997594e-02
-1.113327500709494267e+00,-7.031839992322030941e-02
-9.901711330780942344e-01,-1.296039326084090781e-01
-9.148883353524679407e-01,-9.849903875126631014e-02
-7.940437082985197792e-01,1.484854026778870129e-02
-6.498505009837212132e-01,3.017830627508444330e-02
-4.248950310811751008e-01,6.491926101325734555e-02
-2.796857769702861263e-01,2.161531928805653369e-01
-2.048415673189373648e-02,3.929506145329303424e-01
5.130683332075335057e-02,6.313556804530346955e-01
1.855565992865284841e-01,9.169746484207763615e-01
2.298682403548656383e-01,1.183762097042195816e+00
9.324015526714199420e-02,1.449502465535096096e+00
-1.027970545522135237e-01,1.646830552673147707e+00
-2.728022166683161109e-01,1.958442376107826899e+00
-5.916313700984857649e-01,2.391988752284566200e+00
-1.183286198189613225e+00,1.362488619150288072e+00
-1.415306492632120827e+00,7.372670656331106187e-01
-1.368704230392745025e+00,5.258213239896756264e-01
-1.403933619056445314e+00,2.800342264704040462e-01
-1.342123628217166020e+00,1.416096219538485745e-01
-1.315451131126237572e+00,2.197047199658956340e-01
-1.295342470386143363e+00,1.601985523495799146e-01
-1.295202670536349521e+00,1.989903314259317268e-01
-1.251920272613857854e+00,6.091413465288435247e-02
-1.214713121257360529e+00,-3.501890012036000532e-02
-1.241644253297629064e+00,2.712672714652478861e-02
-1.195234749484956893e+00,-1.047037550399705641e-03
-1.173698725753144156e+00,-1.039145122518131750e-02
-1.154437852627805627e+00,2.274167123810597047e-02
-1.134250021960043542e+00,1.196311465084711964e-02
-1.108663571684703975e+00,-9.094146444314069044e-02
-1.082020690102451832e+00,-3.602574804273998149e-02
-1.041731126611184832e+00,-4.722454715909985001e-04
-9.998996850991389573e-01,-4.731128393629461387e-02
-9.193106849446206486e-01,-3.936213944455604907e-03
-9.034590750938626957e-01,-4.648408234423122287e-02
-9.162203243025616173e-01,-4.685072217637481495e-02
-9.291313676345723804e-01,1.985904807161592012e-01
-9.475906029250831253e-01,3.617764543885877981e-01
-1.080471329847895845e+00,1.999373979933232182e-01
-1.173449675463246189e+00,1.116058879013857030e-01
-1.076707325021297956e+00,-4.747436376869945684e-02
-1.055991810068797943e+00,-7.765904125546130299e-02
-9.918473535414964459e-01,-8.332532667712594376e-02
-8.671836596734971980e-01,-1.367184540619633681e-01
-7.174093803273167147e-01,-5.918139915013742591e-02
-5.193636033581167100e-01,1.565474842898662011e-02
-3.821210510970570740e-01,5.295867770396200935e-02
-9.715763843753731643e-02,1.310156451211480499e-01
1.208804994009932826e-01,3.293597663027383327e-01
3.656320219158861740e-01,5.449518367815651132e-01
5.508234849926834098e-01,8.234334427610454643e-01
5.841333937348549554e-01,9.991125078533324988e-01
5.363692930678112258e-01,1.150577519958929429e+00
5.860689327875652221e-01,1.409591289181037155e+00
4.397215799610756926e-01,1.625715256519850715e+00
2.598345956879355434e-01,1.860944300590448242e+00
1.661413185451838803e-01,2.130355426657279061e+00
-1.345466195991557035e-02,2.463993421323415589e+00
-4.982225631321257064e-01,1.989719529164784895e+00
-7.697787813238028409e-01,1.034427911194234273e+00
-4.995379672770668966e-01,7.288432979762824448e-01
-1.269269992064897268e-01,4.692478869295918509e-01
2.279569536475928859e-01,3.207493335305823257e-01
4.722695398772654984e-01,9.664172824604430612e-02
2.287924868967706193e-01,1.444394161216736583e-01
4.442190029328477729e-01,7.587415190424606770e-02
3.983837968050668032e-01,3.272221666120904704e-01
5.049609775065683204e-01,2.947035077940764469e-01
6.137393297494294631e-01,4.584980323629939125e-01
6.525120563003372620e-01,6.486326286379312522e-01
7.442409809013074140e-01,8.443568663763633131e-01
8.668062905016071795e-01,1.178099679825295176e+00
9.835767040142774364e-01,1.479693797096568453e+00
9.913844989523692419e-01,1.624719856859494271e+00
8.509244604048693539e-01,1.757476143044724326e+00
7.824058106516390554e-01,1.992546667913197123e+00
6.222012968727103077e-01,2.243799499518544405e+00
2.923596226319623570e-01,2.305229260408120595e+00
-1.839553608578503585e-02,2.942598439358605322e+00
-6.820475259434608528e-01,2.740438625317906496e+00
-1.265568937830678475e+00,1.031848993871323339e+00
-1.286336882094874623e+00,5.157642332554184250e-01
-1.205533888603209425e+00,4.087928355221425170e-01
-1.168717907340942830e+00,2.507401084526040824e-01
-1.100481434433541406e+00,7.042265265324618162e-02
-1.029966210928094261e+00,2.600147749307915590e-02
-9.701125336782107089e-01,-8.963863296633083066e-02
-8.912712957289595783e-01,-9.065982140727535388e-02
-8.643952250551667493e-01,-3.827978328704857020e-02
-7.998107847969406770e-01,-1.012879344742803750e-01
-8.073515497459822221e-01,-2.993371092291023383e-01
-8.562527633119265680e-01,-8.250225792765998323e-01
-7.810130255405950406e-01,-8.106275091495218632e-01
-8.663336786842471549e-01,-7.566913580053811206e-01
-9.325528907532421030e-01,-6.462930120839697201e-01
-9.510181599722743462e-01,-6.335871791079986659e-01
-8.898104753804504385e-01,-6.281806215181127140e-01
-7.416247785212759513e-01,-6.380782930542938658e-01
-6.534591815000977411e-01,-6.367121045914707622e-01
-4.204083199249447622e-01,-6.853941376004695218e-01
-2.490116006631337142e-01,-7.226310746670041585e-01
-5.750967981713259181e-02,-8.117392181496818626e-01
3.634915002435878950e-01,-9.616086143812482279e-01
5.660806496797277099e-01,-1.159796541637724943e+00
8.600066310998590868e-01,-1.430200403513267826e+00
1.003147884620556374e+00,-1.725358864211433918e+00
9.252908786454072665e-01,-2.029126641747716508e+00
6.022164020378768523e-01,-2.356519857856282485e+00
5.658507036473878760e-01,-2.758705969801611424e+00
-2.431516206709227190e-01,-2.389063568790330550e+00
-1.141690551301489442e+00,-1.119502445691100245e+00
-1.090768183416498394e+00,-4.302459775458466473e-01
-9.919673469121388365e-01,-1.811125586072976912e-01
-9.692236091402018916e-01,-1.281606676862970806e-01
-9.167453136823984217e-01,-5.318253503723806980e-02
-8.598908788906167722e-01,-1.656059889485788084e-01
-8.768478006613726894e-01,-2.037384872860375368e-02
-7.831716798442616145e-01,-8.907295197986282720e-02
-7.540512950818528681e-01,-4.866998764037561154e-01
-6.929368914589033590e-01,-9.125238555406293139e-01
-8.012991147492158905e-01,-7.881001765106137036e-01
-8.775560390269461220e-01,-6.971037367289349973e-01
-9.733313607352565011e-01,-6.291954376699467888e-01
-8.800418349631423665e-01,-6.138266835285475231e-01
-1.003295783943194852e+00,-5.583114858679757431e-01
-8.413313021210588882e-01,-5.498658716247456502e-01
-7.005439783608786719e-01,-6.579076160081336333e-01
-4.492563075738111866e-01,-6.779931796402436373e-01
-2.767940516996851841e-01,-7.031864412950772358e-01
-3.187193219855616322e-02,-8.032371499823377503e-01
2.757716316085047081e-01,-9.326174975857021154e-01
3.849414126589167373e-01,-1.083820801200721773e+00
8.071999203238481302e-01,-1.379165706569778660e+00
8.980932139099392364e-01,-1.707500652502763838e+00
9.101072810627255372e-01,-2.054681138687689312e+00
7.825725711684559105e-01,-2.325449482039728455e+00
3.408941289501142280e-01,-2.486839317420101558e+00
-1.484065980064359913e-01,-2.652267726358052080e+00
-1.189762829106594699e+00,-1.073759990324106628e+00
-1.120717120376441001e+00,-3.077605004833930402e-01
-1.115291298906291084e+00,-7.543786381954176168e-02
-1.060669589420459413e+00,-5.427639012655701561e-02
-9.645959238105394906e-01,-4.091363169840885050e-02
-9.127503149808482430e-01,-5.858341185999021983e-02
-9.092824605919176406e-01,-1.461643444649031731e-01
-8.564588871191669561e-01,-8.610547509464605564e-02
-9.007972000744381980e-01,-4.820425557588728926e-01
-8.763960143673592551e-01,-8.424851090470286685e-01
-8.339874271995836308e-01,-7.262941058838713326e-01
-8.635945944490988069e-01,-6.746580915588007432e-01
-9.394433928878582751e-01,-5.673363262770348969e-01
-8.775419157554683602e-01,-5.350158636313574467e-01
-9.331226214034524791e-01,-5.105293382798905544e-01
-8.295790155020421608e-01,-5.193892872429373142e-01
-6.545741623956002897e-01,-5.612718412681416691e-01
-4.069555010975294818e-01,-5.817986476912888616e-01
-2.436936960918905382e-01,-6.074921535125689109e-01
4.833628917078117149e-02,-6.403165271444121176e-01
3.182538923739209880e-01,-7.293134716531607387e-01
6.525154804051902513e-01,-8.992907926255183648e-01
9.860911845110752472e-01,-1.156505157524296390e+00
1.138557428762869250e+00,-1.428418800681679590e+00
1.212445757181716877e+00,-1.664467092519048119e+00
1.154317907097275997e+00,-1.968169086615724872e+00
1.062400010297004149e+00,-2.482945277178053800e+00
9.392284439452719402e-01,-3.124083703356713926e+00
-6.679067891975404292e-02,-2.159589378894800404e+00
-4.519941454611809406e-01,-1.114244907115350625e+00
1.596869261283904440e-01,-4.876616490521877845e-01
5.122338723057452414e-01,-1.808765214828728374e-01
7.428815920872072764e-01,-1.099135966300102407e-01
1.079501978025598996e+00,-5.938689359469265239e-02
1.312251140068862787e+00,-7.335955873704315400e-02
1.555118767888355347e+00,-1.099416176778766907e-01
1.812315824341481418e+00,-1.939113550724658186e-02
1.865897848079457688e+00,4.364163628888553803e-02
2.200491081950403771e+00,-5.086065916211163218e-03
2.170595009506695039e+00,6.334376692314983015e-02
2.340966239878699895e+00,9.370969580344162830e-02
2.514891585775589355e+00,4.960621808132451016e-02
2.480188159175765517e+00,6.841639545305719383e-02
2.600199603244987667e+00,-5.013775644506349161e-03
2.573777954875132057e+00,3.239376707881408413e-02
2.622124419493016223e+00,3.630065286927644519e-02
2.812801390735957252e+00,-3.851323013572993670e-02
2.161014630681682203e+00,-3.280044692735582523e-01
1.592914773520240690e+00,-7.656191346165112099e-01
9.284303205509109036e-01,-8.334726776173847496e-01
1.758943514026307886e+00,-1.990557046863781876e+00
2.303438763001202094e+00,-2.865202943100729982e+00
1.982040879566685510e+00,-2.045161571064054051e+00
2.020517543130420535e+00,-1.867890961430604957e+00
2.259513674313474052e+00,-1.407959860716038847e+00
2.597182818210798771e+00,-1.630409068164454967e+00
3.136420066953951036e+00,-1.551714268512377481e+00
3.931481213434425470e+00,-1.309660936879611270e+00
7.504687515779295381e+00,-1.193673773402205568e-01
6.029850199738425509e+00,1.123607363900731126e+00
4.209481128532662098e+00,2.013659305276343403e+00
3.785180050378937455e+00,2.613815611817317919e+00
3.375904453750297574e+00,2.699641741409006812e+00
2.206925278061083961e+00,2.646453659735332753e+00
2.164989926447031365e+00,3.166995398322098865e+00
1.569686715305473879e+00,3.299770787596560062e+00
1.024276869026048420e+00,4.259866559514527751e+00
2.977843802746815705e-01,3.627370753570219541e+00
-6.091364340516177700e-01,1.748150644379898866e+00
-8.499813434631142695e-01,1.109660917799210500e+00
-8.499813434631142695e-01,1.109660917799210500e+00
-7.439264875447132441e-01,7.657790030999169772e-01
-5.239786685866710814e-01,5.129729877349356038e-01
-2.950208181399890939e-01,2.901463998676923617e-01
-2.895276406539794012e-01,1.712191923329957899e-01
-3.169233185206628556e-01,6.746494852216139426e-02
-2.613835941270901131e-01,6.551678425021673080e-02
-1.019483976834854450e-01,8.693660105905731683e-02
1.278017257064579804e-01,2.275215482525048127e-01
2.282373257777538522e-01,2.405015264026205690e-01
4.039731876432588464e-01,4.400470076919454909e-01
5.603831547861679585e-01,7.150948834190935521e-01
6.193107514833392502e-01,8.855634837847152774e-01
6.378742303238942313e-01,1.199057334278641473e+00
6.870601032002554565e-01,1.510464499089733792e+00
6.865116826807120542e-01,1.726873918916735473e+00
4.047695135582729531e-01,1.855968239007430132e+00
1.747823080772946680e-01,2.046547463191456195e+00
-4.496276389702386078e-02,2.485399989039368762e+00
-4.322511361031483590e-01,2.850261276543267552e+00
